alpha,eval/episode_length,eval/episode_length_std,eval/normalized_episode_reward,eval/normalized_episode_reward_std,loss/actor,loss/alpha,loss/critic1,loss/critic2,timestep
0.9549405130743973,137.9,3.8587562763149474,5.531611530924907,0.07821219927984809,-6.053657645463933,-0.3493021185717083,14.20345946073533,14.307884914874982,0
0.8722671580910681,142.3,3.9509492530276815,5.64732264610746,0.06625388116121839,-9.688824839591994,-0.9115436239242547,12.28433235263823,12.073605004787453,0
