alpha,eval/episode_length,eval/episode_length_std,eval/normalized_episode_reward,eval/normalized_episode_reward_std,loss/actor,loss/alpha,loss/critic1,loss/critic2,timestep
0.9535352777838696,125.3,1.676305461424021,8.014976134996925,0.6941051281854794,-6.439829114913929,-0.2025841645683396,11.769753915786731,11.856069945335395,0
0.8680921966433529,199.0,1.2649110640673518,10.21017336379606,0.6747565119513902,-12.742682145118714,-0.5444247155785565,11.403117309570309,11.503917611122132,0
