alpha,eval/episode_length,eval/episode_length_std,eval/normalized_episode_reward,eval/normalized_episode_reward_std,loss/actor,loss/alpha,loss/critic1,loss/critic2,timestep
0.9571653450131412,1000.0,0.0,2.491874519153713,2.266711788895011,-6.268882405281066,-0.2796747954096639,8.232728509426122,8.734261278629344,0
0.8803149572610859,1000.0,0.0,5.071776136552022,5.41913864402314,-10.708335685729955,-0.6645995676517491,6.794017579078664,6.986074828624734,0
